_id,Fecha,BML - AmA(c)rica,BML - Asia,BML - Europa,BML - Total,COMEX - Total,SHFE - Total
1,02-01-2017,"100,400","197,750","24,075","322,225","80,112","146,598"
2,03-01-2017,"98,875","190,200","22,750","311,825","80,651","146,598"
3,04-01-2017,"98,875","185,100","21,900","305,875","81,407","146,598"
4,05-01-2017,"99,675","180,200","21,900","301,775","81,994","171,561"
5,06-01-2017,"98,100","175,225","21,800","295,125","82,839","171,561"
6,09-01-2017,"98,050","175,425","21,425","294,900","83,112","171,561"
7,10-01-2017,"98,375","172,650","22,375","293,400","84,051","171,561"
8,11-01-2017,"97,775","168,025","22,425","288,225","84,742","171,561"
9,12-01-2017,"98,700","164,475","22,525","285,700","85,146","170,797"
10,13-01-2017,"97,300","161,650","22,750","281,700","85,795","170,797"
11,16-01-2017,"96,175","159,825","23,000","279,000","85,795","170,797"
12,17-01-2017,"98,300","155,975","23,100","277,375","86,067","170,797"
13,18-01-2017,"98,250","154,500","23,300","276,050","87,122","170,797"
14,19-01-2017,"98,100","152,475","23,525","274,100","87,485","172,979"
15,20-01-2017,"96,850","154,775","23,775","275,400","88,047","172,979"
16,23-01-2017,"96,500","154,250","23,900","274,650","88,489","172,979"
17,24-01-2017,"95,675","152,275","24,200","272,150","89,142","172,979"
18,25-01-2017,"97,225","149,675","24,125","271,025","89,505","172,979"
19,26-01-2017,"96,750","147,950","24,275","268,975","90,163","212,925"
20,27-01-2017,"95,800","143,650","24,325","263,775","90,719","212,925"
21,30-01-2017,"95,000","143,025","24,125","262,150","91,054","212,925"
22,31-01-2017,"94,175","143,025","24,125","261,325","92,598","212,925"
23,01-02-2017,"95,725","143,025","22,100","260,850","93,232","212,925"
24,02-02-2017,"95,300","141,525","22,675","259,500","93,766","223,853"
25,03-02-2017,"94,225","140,525","22,400","257,150","95,065","223,853"
26,06-02-2017,"92,850","139,425","21,450","253,725","95,879","223,853"
27,07-02-2017,"92,600","138,050","22,800","253,450","96,730","223,853"
28,08-02-2017,"92,575","137,725","24,425","254,725","97,287","223,853"
29,09-02-2017,"92,125","135,175","24,225","251,525","98,401","277,659"
30,10-02-2017,"91,375","132,900","23,925","248,200","99,081","277,659"
31,13-02-2017,"90,950","131,425","25,450","247,825","99,750","277,659"
32,14-02-2017,"90,075","128,100","25,175","243,350","101,496","277,659"
33,15-02-2017,"88,375","122,925","24,525","235,825","103,121","277,659"
34,16-02-2017,"90,475","121,900","24,350","236,725","104,448","295,730"
35,17-02-2017,"89,050","116,650","23,375","229,075","104,891","295,730"
36,20-02-2017,"88,250","112,500","23,275","224,025","104,891","295,730"
37,21-02-2017,"87,150","111,000","23,275","221,425","107,293","295,730"
38,22-02-2017,"86,425","109,850","23,150","219,425","109,877","295,730"
39,23-02-2017,"85,325","106,350","22,350","214,025","110,958","289,899"
40,24-02-2017,"83,450","105,250","22,100","210,800","111,976","289,899"
41,27-02-2017,"81,900","103,250","21,725","206,875","112,557","289,899"
42,28-02-2017,"80,225","101,500","21,375","203,100","114,168","289,899"
43,01-03-2017,"79,575","99,875","21,275","200,725","114,522","289,899"
44,02-03-2017,"79,300","99,575","21,125","200,000","114,968","313,873"
45,03-03-2017,"77,975","99,875","18,575","196,425","115,989","313,873"
46,06-03-2017,"79,550","135,425","20,275","235,250","116,404","313,873"
47,07-03-2017,"77,575","161,175","23,225","261,975","117,463","313,873"
48,08-03-2017,"76,275","185,075","27,175","288,525","118,655","313,873"
49,09-03-2017,"74,350","220,725","32,225","327,300","120,400","326,732"
50,10-03-2017,"72,675","220,725","32,100","325,500","121,153","326,732"
51,13-03-2017,"74,925","224,425","31,850","331,200","121,536","326,732"
52,14-03-2017,"73,900","224,375","33,775","332,050","121,906","326,732"
53,15-03-2017,"73,050","231,825","35,650","340,525","122,471","326,732"
54,16-03-2017,"72,350","231,375","35,300","339,025","123,093","325,278"
55,17-03-2017,"71,525","231,225","34,850","337,600","123,649","325,278"
56,20-03-2017,"70,700","228,100","34,175","332,975","124,133","325,278"
57,21-03-2017,"69,900","226,475","33,475","329,850","125,084","325,278"
58,22-03-2017,"69,200","221,375","33,400","323,975","125,850","325,278"
59,23-03-2017,"68,525","216,250","32,325","317,100","126,238","312,584"
60,24-03-2017,"69,850","210,550","32,125","312,525","126,841","312,584"
61,27-03-2017,"74,075","205,450","31,850","311,375","127,499","312,584"
62,28-03-2017,"73,550","203,825","31,850","309,225","127,855","312,584"
63,29-03-2017,"72,300","200,250","31,725","304,275","128,042","312,584"
64,30-03-2017,"70,150","196,125","31,275","297,550","129,400","307,376"
65,31-03-2017,"68,400","191,700","31,075","291,175","130,068","307,376"
66,03-04-2017,"67,150","185,675","31,075","283,900","130,744","307,376"
67,04-04-2017,"65,925","182,975","30,975","279,875","131,330","307,376"
68,05-04-2017,"64,850","178,150","30,750","273,750","131,413","307,376"
69,06-04-2017,"64,100","175,825","30,625","270,550","131,908","314,810"
70,07-04-2017,"62,725","172,100","30,500","265,325","132,557","314,810"
71,10-04-2017,"68,075","168,050","30,450","266,575","132,949","314,810"
72,11-04-2017,"66,500","162,875","30,300","259,675","133,464","314,810"
73,12-04-2017,"66,100","159,700","33,025","258,825","133,770","314,810"
74,13-04-2017,"65,250","158,475","33,475","257,200","134,780","271,267"
75,14-04-2017,"65,250","158,475","33,475","257,200","134,780","271,267"
76,17-04-2017,"65,250","158,475","33,475","257,200","135,791","271,267"
77,18-04-2017,"64,200","157,775","33,450","255,425","137,268","271,267"
78,19-04-2017,"62,600","171,550","33,325","267,475","138,493","271,267"
79,20-04-2017,"62,225","172,925","33,300","268,450","139,673","240,191"
80,21-04-2017,"60,750","174,375","33,275","268,400","140,436","240,191"
81,24-04-2017,"58,800","172,825","33,225","264,850","140,479","240,191"
82,25-04-2017,"57,950","171,125","33,175","262,250","140,490","240,191"
83,26-04-2017,"57,525","170,825","33,125","261,475","140,592","240,191"
84,27-04-2017,"56,525","170,950","33,100","260,575","140,736","229,361"
85,28-04-2017,"55,975","170,650","33,100","259,725","140,840","229,361"
86,01-05-2017,"55,975","170,650","33,100","259,725","140,881","229,361"
87,02-05-2017,"54,725","165,975","32,975","253,675","140,922","229,361"
88,03-05-2017,"52,700","184,300","47,925","284,925","140,972","229,361"
89,04-05-2017,"51,800","218,325","47,725","317,850","140,830","215,231"
90,05-05-2017,"50,850","253,750","50,050","354,650","140,672","215,231"
91,08-05-2017,"49,900","251,825","49,825","351,550","140,400","215,231"
92,09-05-2017,"48,800","244,325","49,700","342,825","140,395","215,231"
93,10-05-2017,"47,050","242,600","49,550","339,200","140,186","215,231"
94,11-05-2017,"46,550","240,825","49,350","336,725","140,197","194,993"
95,12-05-2017,"45,500","234,800","49,075","329,375","139,994","194,993"
96,15-05-2017,"44,025","232,225","48,900","325,150","139,949","194,993"
97,16-05-2017,"43,325","230,450","48,725","322,500","140,005","194,993"
98,17-05-2017,"42,700","241,550","55,350","339,600","139,939","194,993"
99,18-05-2017,"41,300","244,025","55,025","340,350","140,711","196,358"
100,19-05-2017,"39,975","241,850","54,825","336,650","141,521","196,358"
101,22-05-2017,"38,975","238,675","54,650","332,300","142,011","196,358"
102,23-05-2017,"37,600","237,850","54,425","329,875","142,277","196,358"
103,24-05-2017,"36,225","235,500","53,950","325,675","142,706","196,358"
104,25-05-2017,"35,100","232,600","53,875","321,575","142,763","198,585"
105,26-05-2017,"35,425","229,425","53,800","318,650","142,731","198,585"
106,29-05-2017,"35,425","229,425","53,800","318,650","142,731","198,585"
107,30-05-2017,"34,675","226,825","53,700","315,200","143,095","198,585"
108,31-05-2017,"33,250","224,575","53,325","311,150","143,264","198,585"
109,01-06-2017,"31,900","222,975","53,125","308,000","143,458","208,239"
110,02-06-2017,"30,850","221,800","52,900","305,550","143,603","208,239"
111,05-06-2017,"30,300","219,750","52,575","302,625","143,992","208,239"
112,06-06-2017,"29,400","217,650","52,525","299,575","144,424","208,239"
113,07-06-2017,"28,025","213,725","52,475","294,225","144,623","208,239"
114,08-06-2017,"27,500","206,550","52,300","286,350","145,420","190,262"
115,09-06-2017,"26,750","197,925","52,200","276,875","145,887","190,262"
116,12-06-2017,"34,225","193,225","52,125","279,575","146,281","190,262"
117,13-06-2017,"34,100","189,625","52,125","275,850","146,697","190,262"
118,14-06-2017,"33,650","186,950","52,025","272,625","146,990","190,262"
119,15-06-2017,"33,025","183,575","51,900","268,500","147,082","199,014"
120,16-06-2017,"32,475","184,075","51,900","268,450","147,098","199,014"
121,19-06-2017,"31,625","181,650","51,900","265,175","147,038","199,014"
122,20-06-2017,"31,000","178,675","52,400","262,075","147,109","199,014"
123,21-06-2017,"30,400","175,300","53,600","259,300","147,206","199,014"
124,22-06-2017,"29,925","173,225","53,550","256,700","147,263","185,281"
125,23-06-2017,"29,525","175,625","53,550","258,700","147,275","185,281"
126,26-06-2017,"29,000","172,175","53,500","254,675","147,330","185,281"
127,27-06-2017,"28,450","168,800","53,300","250,550","147,349","185,281"
128,28-06-2017,"28,000","168,025","52,650","248,675","147,449","185,281"
129,29-06-2017,"27,350","164,125","51,825","243,300","147,563","176,620"
130,30-06-2017,"31,625","163,625","54,450","249,700","147,720","176,620"
131,03-07-2017,"31,000","182,925","64,350","278,275","147,936","176,620"
132,04-07-2017,"30,100","181,925","63,575","275,600","147,936","176,620"
133,05-07-2017,"29,525","219,800","66,600","315,925","148,145","176,620"
134,06-07-2017,"29,450","218,775","66,550","314,775","148,145","182,804"
135,07-07-2017,"29,325","219,200","66,550","315,075","148,136","182,804"
136,10-07-2017,"34,075","219,350","66,550","319,975","148,945","182,804"
137,11-07-2017,"33,400","219,400","66,950","319,750","149,636","182,804"
138,12-07-2017,"32,625","219,050","66,875","318,550","150,172","182,804"
139,13-07-2017,"33,125","218,300","66,800","318,225","150,233","181,632"
140,14-07-2017,"32,425","214,225","66,650","313,300","150,275","181,632"
141,17-07-2017,"32,150","210,650","66,325","309,125","151,145","181,632"
142,18-07-2017,"31,250","210,000","66,025","307,275","151,882","181,632"
143,19-07-2017,"33,725","209,400","66,125","309,250","152,359","181,632"
144,20-07-2017,"33,075","208,900","66,075","308,050","152,629","172,774"
145,21-07-2017,"32,150","208,400","66,075","306,625","153,085","172,774"
146,24-07-2017,"31,400","208,400","66,075","305,875","153,842","172,774"
147,25-07-2017,"30,875","207,900","66,075","304,850","154,290","172,774"
148,26-07-2017,"29,825","207,350","66,075","303,250","154,289","172,774"
149,27-07-2017,"28,700","207,350","66,075","302,125","154,718","178,783"
150,28-07-2017,"27,825","206,700","66,050","300,575","155,119","178,783"
151,31-07-2017,"26,625","204,500","65,850","296,975","155,413","178,783"
152,01-08-2017,"25,750","203,925","65,850","295,525","155,954","178,783"
153,02-08-2017,"31,475","203,925","65,700","301,100","156,196","178,783"
154,03-08-2017,"30,575","203,275","65,575","299,425","156,766","190,715"
155,04-08-2017,"29,675","203,050","65,500","298,225","157,257","190,715"
156,07-08-2017,"28,700","202,650","65,350","296,700","157,620","190,715"
157,08-08-2017,"28,050","200,550","65,350","293,950","157,549","190,715"
158,09-08-2017,"27,475","196,250","65,200","288,925","157,581","190,715"
159,10-08-2017,"27,225","195,750","65,075","288,050","158,713","207,777"
160,11-08-2017,"26,800","191,800","65,075","283,675","159,898","207,777"
161,14-08-2017,"31,325","186,425","65,575","283,325","160,329","207,777"
162,15-08-2017,"30,900","183,500","66,575","280,975","161,405","207,777"
163,16-08-2017,"30,650","182,900","65,450","279,000","161,967","207,777"
164,17-08-2017,"30,275","181,200","64,325","275,800","162,555","204,090"
165,18-08-2017,"29,950","177,700","63,700","271,350","162,930","204,090"
166,21-08-2017,"29,450","168,975","63,275","261,700","163,157","204,090"
167,22-08-2017,"29,100","163,925","62,675","255,700","163,403","204,090"
168,23-08-2017,"28,675","158,875","61,975","249,525","163,419","204,090"
169,24-08-2017,"28,375","155,350","61,325","245,050","163,651","187,444"
170,25-08-2017,"28,050","152,225","60,550","240,825","163,636","187,444"
171,28-08-2017,"28,050","152,225","60,550","240,825","164,266","187,444"
172,29-08-2017,"27,750","146,350","58,925","233,025","164,803","187,444"
173,30-08-2017,"26,750","138,075","58,225","223,050","164,586","187,444"
174,31-08-2017,"36,050","134,100","58,300","228,450","165,041","183,582"
175,01-09-2017,"35,850","130,050","57,600","223,500","165,947","183,582"
176,04-09-2017,"35,400","128,550","56,925","220,875","165,947","183,582"
177,05-09-2017,"34,625","127,050","55,875","217,550","166,924","183,582"
178,06-09-2017,"34,600","125,650","54,525","214,775","168,313","183,582"
179,07-09-2017,"33,650","123,900","53,175","210,725","169,454","172,847"
180,08-09-2017,"33,025","127,450","52,700","213,175","170,185","172,847"
181,11-09-2017,"31,925","123,975","52,525","208,425",0,"172,847"
182,12-09-2017,"31,150","128,300","59,275","218,725",0,"172,847"
183,13-09-2017,"30,550","129,150","86,875","246,575",0,"172,847"
184,14-09-2017,"30,150","158,025","87,850","276,025",0,"172,847"
185,15-09-2017,"29,700","183,075","91,575","304,350",0,"166,747"
186,18-09-2017,"29,625","181,825","91,475","302,925","174,255","166,747"
187,19-09-2017,"29,600","179,975","91,050","300,625",0,"166,747"
188,20-09-2017,"30,350","192,575","90,925","313,850",0,"480,597"
189,21-09-2017,"31,050","189,275","90,925","311,250","174,992","141,318"
190,22-09-2017,"31,825","186,400","90,825","309,050","175,522","141,318"
191,25-09-2017,"31,525","182,900","90,825","305,250",0,"141,318"
192,26-09-2017,"31,425","182,900","90,825","305,150","175,954","141,318"
193,27-09-2017,"31,725","179,950","90,275","301,950","176,044","141,318"
194,28-09-2017,"31,550","177,325","89,550","298,425","176,612","103,151"
195,29-09-2017,"31,550","176,925","88,775","297,250","177,348","103,151"
196,02-10-2017,"31,300","176,825","87,375","295,500","177,999","103,151"
197,03-10-2017,"30,475","185,250","86,325","302,050","179,471","103,151"
198,04-10-2017,"29,325","184,450","84,750","298,525","179,471","103,151"
199,05-10-2017,"28,625","184,050","83,400","296,075","180,963","103,151"
200,06-10-2017,"28,250","182,900","82,300","293,450","181,378","103,151"
201,09-10-2017,"27,850","182,375","80,775","291,000","181,877","103,151"
202,10-10-2017,"27,350","182,375","80,150","289,875","182,058","103,151"
203,11-10-2017,"27,050","180,875","79,000","286,925","182,344","103,151"
204,12-10-2017,"26,825","180,450","78,625","285,900","182,711","104,242"
205,13-10-2017,"26,500","179,975","77,325","283,800","183,365","104,242"
206,16-10-2017,"26,050","179,700","79,275","285,025","183,780","104,242"
207,17-10-2017,"33,150","178,600","79,575","291,325","183,639","104,242"
208,18-10-2017,"32,725","179,575","79,925","292,225","184,316","104,242"
209,19-10-2017,"31,825","179,525","79,900","291,250","185,190","112,667"
210,20-10-2017,"30,875","176,925","79,825","287,625","185,581","112,667"
211,23-10-2017,"30,300","173,800","79,350","283,450","185,615","112,667"
212,24-10-2017,"30,050","173,050","78,450","281,550","186,925","112,667"
213,25-10-2017,"30,900","170,900","77,600","279,400","186,833","112,667"
214,26-10-2017,"30,875","168,450","76,250","275,575","186,953","107,892"
215,27-10-2017,"30,650","166,325","75,650","272,625","187,122","107,892"
216,30-10-2017,"32,225","166,900","74,500","273,625","186,992","107,892"
217,31-10-2017,"32,625","167,850","74,150","274,625","186,970","107,892"
218,01-11-2017,"34,800","164,950","73,925","273,675","186,854","107,892"
219,02-11-2017,"34,800","165,175","73,875","273,850","186,708","127,273"
220,03-11-2017,"34,750","161,775","73,875","270,400","186,542","127,273"
221,06-11-2017,"34,750","159,825","73,875","268,450","186,118","127,273"
222,07-11-2017,"34,750","159,050","73,850","267,650","186,287","127,273"
223,08-11-2017,"34,625","153,975","74,825","263,425","186,098","127,273"
224,09-11-2017,"34,575","150,375","74,775","259,725","186,523","127,273"
225,10-11-2017,"34,525","147,925","77,700","260,150","188,006","145,471"
226,13-11-2017,"34,100","144,925","79,250","258,275","188,393","145,275"
227,14-11-2017,"34,025","144,850","79,925","258,800","188,675","145,471"
228,15-11-2017,"33,625","142,200","79,625","255,450","188,673","145,471"
229,16-11-2017,"33,125","139,050","79,375","251,550","189,085","162,800"
230,17-11-2017,"31,425","136,975","79,300","247,700","189,402","162,800"
231,20-11-2017,"30,075","132,100","79,225","241,400","189,805","162,800"
232,21-11-2017,"28,625","126,700","79,050","234,375","190,168","162,800"
233,22-11-2017,"27,700","119,850","78,725","226,275","189,909","162,800"
234,23-11-2017,"26,900","113,625","78,550","219,075","189,909","164,813"
235,24-11-2017,"26,300","109,450","77,850","213,600","189,448","164,813"
236,27-11-2017,"26,300","102,500","75,400","204,200","189,989","164,813"
237,28-11-2017,"26,300","75,300","196,675","298,275","189,987","164,813"
238,29-11-2017,"26,300","90,200","75,225","191,725","189,811","164,813"
239,30-11-2017,"26,150","87,175","75,200","188,525","189,731","164,813"
240,01-12-2017,"25,550","82,850","75,125","183,525","189,731","168,987"
241,04-12-2017,"24,750","81,650","76,025","182,425","189,384","168,987"
242,05-12-2017,"24,750","91,825","75,975","192,550","189,796","168,987"
243,06-12-2017,"24,750","93,075","75,850","193,675","189,472","168,987"
244,07-12-2017,"24,750","93,450","75,775","193,975","189,329","158,145"
245,08-12-2017,"24,725","94,525","75,900","195,150","189,295","158,145"
246,11-12-2017,"24,700","94,525","75,375","194,600","189,589","158,145"
247,12-12-2017,"24,750","93,525","75,200","193,475","189,377","158,145"
248,13-12-2017,"24,450","92,025","75,125","191,600","189,024","158,145"
249,14-12-2017,"24,350","92,225","74,975","191,550","189,249","142,129"
250,15-12-2017,"24,350","96,050","74,800","195,200","189,810","142,129"
251,18-12-2017,"25,750","96,325","74,650","196,725","189,857","142,129"
252,19-12-2017,"25,725","95,825","80,175","201,725","190,600","142,129"
253,20-12-2017,"25,725","95,250","80,175","201,150","190,486","142,129"
254,21-12-2017,"25,725","95,750","80,175","201,650","190,950","140,211"
255,22-12-2017,"25,725","95,750","80,125","201,600","190,950","140,211"
256,25-12-2017,"25,725","95,750","80,125","201,600","191,323","140,211"
257,26-12-2017,"25,725","95,750","80,125","201,600","191,723","140,211"
258,27-12-2017,"26,225","95,750","80,125","202,100","191,732","140,211"
259,28-12-2017,"26,600","96,125","80,125","202,850","191,754","150,489"
260,29-12-2017,"26,600","95,000","80,125","201,725","191,572","150,489"
261,02-01-2018,"27,100","93,425","80,125","200,650","191,391","150,489"
262,03-01-2018,"27,100","93,000","80,125","200,225","191,391","150,489"
263,04-01-2018,"27,100","93,000","80,050","200,150","191,631","160,441"
264,05-01-2018,"29,225","94,575","80,050","203,850","191,244","160,441"
265,08-01-2018,"29,225","94,575","80,050","203,850","191,931","160,441"
266,09-01-2018,"29,125","94,575","79,975","203,675","191,968","160,441"
267,10-01-2018,"29,325","94,575","79,850","203,750","192,094","160,441"
268,11-01-2018,"27,900","93,900","79,850","201,650","192,578","167,429"
269,12-01-2018,"27,100","97,250","79,775","204,125","193,162","167,429"
270,15-01-2018,"26,975","95,100","80,775","202,850","193,162","167,429"
271,16-01-2018,"26,800","94,550","83,300","204,650","193,266","167,429"
272,17-01-2018,"26,800","94,550","83,325","204,675","193,316","167,429"
273,18-01-2018,"26,600","95,725","83,150","205,475","193,296","176,233"
274,19-01-2018,"26,600","101,975","83,075","211,650","193,618","176,233"
275,22-01-2018,"26,425","102,375","82,975","211,775","199,689","176,233"
276,23-01-2018,"26,125","135,275","86,675","248,075","199,573","176,233"
277,24-01-2018,"25,975","165,100","85,600","276,675","199,362","176,233"
278,25-01-2018,"39,425","175,425","84,750","299,600","199,368","164,206"
279,26-01-2018,"39,225","175,425","94,475","309,125","199,078","164,206"
280,29-01-2018,"38,975","175,900","93,775","308,650","199,454","164,206"
281,30-01-2018,"38,800","175,150","93,000","306,950","199,988","164,206"
282,31-01-2018,"38,575","174,750","92,250","305,575","200,521","164,206"
283,01-02-2018,"38,775","174,300","91,600","304,675","201,672","172,595"
284,02-02-2018,"38,550","174,875","90,900","304,325","202,277","172,595"
285,05-02-2018,"38,800","174,550","90,650","304,000","202,400","172,595"
286,06-02-2018,"38,525","169,075","90,225","297,825","202,662","172,595"
287,07-02-2018,"39,250","166,050","89,675","294,975","202,765","172,595"
288,08-02-2018,"38,950","178,675","98,475","316,100","202,867","186,132"
289,09-02-2018,"38,350","195,300","102,575","336,225","202,867","186,132"
290,12-02-2018,"37,725","193,800","102,325","333,850","203,227","186,132"
291,13-02-2018,"37,100","194,050","101,875","333,025","204,136","186,132"
292,14-02-2018,"37,100","194,750","101,775","333,625","186,132","186,132"
293,15-02-2018,"37,100","194,750","101,675","333,525","204,879","197,759"
294,16-02-2018,"36,425","194,750","101,600","332,775","205,303","197,759"
295,19-02-2018,"35,900","194,750","107,625","338,275","205,303","197,759"
296,20-02-2018,"35,175","195,050","107,625","337,850","206,540","197,759"
297,21-02-2018,"34,925","195,050","107,200","337,175","207,226","197,759"
298,22-02-2018,"35,025","194,050","105,600","334,675","207,665","218,532"
299,23-02-2018,"34,550","192,675","105,225","332,450","207,877","218,532"
300,26-02-2018,"34,075","193,450","104,050","331,575","208,130","218,532"
301,27-02-2018,"33,775","194,150","102,500","330,425","208,740","218,532"
302,28-02-2018,"33,400","194,950","102,450","330,800","208,994","218,532"
303,01-03-2018,"33,175","194,325","100,500","328,000","209,316","260,287"
304,02-03-2018,"32,925","193,575","98,400","324,900","209,614","260,287"
305,05-03-2018,"34,450","191,075","96,650","322,175","210,427","260,287"
306,06-03-2018,"34,100","189,500","96,050","319,650","210,870","260,287"
307,07-03-2018,"33,875","187,225","95,275","316,375","210,991","260,287"
308,08-03-2018,"33,450","186,650","94,775","314,875","210,982","268,095"
309,09-03-2018,"33,275","183,650","94,200","311,125","211,070","268,095"
310,12-03-2018,"43,150","184,850","93,125","321,125","211,712","268,095"
311,13-03-2018,"42,825","185,575","93,075","321,475","211,754","268,095"
312,14-03-2018,"42,500","184,375","92,950","319,825","211,586","268,095"
313,15-03-2018,"42,350","183,525","93,450","319,325","211,793","296,994"
314,16-03-2018,"41,875","181,825","97,750","321,450","211,986","296,994"
315,19-03-2018,"41,550","179,975","97,750","319,275","211,673","296,994"
316,20-03-2018,"44,375","179,800","98,300","322,475","211,335","296,994"
317,21-03-2018,"45,150","178,575","98,175","321,900","211,138","296,994"
318,22-03-2018,"44,950","176,375","98,175","319,500","210,592","307,435"
319,23-03-2018,"44,975","174,625","98,150","317,750","210,139","307,435"
320,26-03-2018,"44,800","195,525","112,425","352,750","210,963","307,435"
321,27-03-2018,"44,650","217,125","122,200","383,975","211,911","307,435"
322,28-03-2018,"44,425","221,775","121,975","388,175","212,532","307,435"
323,29-03-2018,"43,775","217,750","121,550","383,075","212,215","306,211"
324,30-03-2018,"43,775","217,750","121,550","383,075","212,215","306,211"
325,02-04-2018,"43,775","217,750","121,550","383,075","211,208","306,211"
326,03-04-2018,"47,550","214,400","121,075","383,025","210,858","306,211"
327,04-04-2018,"48,000","209,450","120,625","378,075",0,"306,645"
328,05-Mar-2018,"34,450","191,075","96,650","322,175","210,427","260,287"
329,06-Mar-2018,"34,100","189,500","96,050","319,650","210,870","260,287"
330,07-Mar-2018,"33,875","187,225","95,275","316,375","210,991","260,287"
331,08-Mar-2018,"33,450","186,650","94,775","314,875","210,982","268,095"
332,09-Mar-2018,"33,275","183,650","94,200","311,125","211,070","268,095"
333,12-Mar-2018,"43,150","184,850","93,125","321,125","211,712","268,095"
334,13-Mar-2018,"42,825","185,575","93,075","321,475","211,754","268,095"
335,14-Mar-2018,"42,500","184,375","92,950","319,825","211,586","268,095"
336,15-Mar-2018,"42,350","183,525","93,450","319,325","211,793","296,994"
337,16-Mar-2018,"41,875","181,825","97,750","321,450","211,986","296,994"
338,19-Mar-2018,"41,550","179,975","97,750","319,275","211,673","296,994"
339,20-Mar-2018,"44,375","179,800","98,300","322,475","211,335","296,994"
340,21-Mar-2018,"45,150","178,575","98,175","321,900","211,138","296,994"
341,22-Mar-2018,"44,950","176,375","98,175","319,500","210,592","307,435"
342,23-Mar-2018,"44,975","174,625","98,150","317,750","210,139","307,435"
343,26-Mar-2018,"44,800","195,525","112,425","352,750","210,963","307,435"
344,27-Mar-2018,"44,650","217,125","122,200","383,975","211,911","307,435"
345,28-Mar-2018,"44,425","221,775","121,975","388,175","212,532","307,435"
346,29-Mar-2018,"43,775","217,750","121,550","383,075","212,215","306,211"
347,30-Mar-2018,"43,775","217,750","121,550","383,075","212,215","306,211"
348,02-abr-2018,"43,775","217,750","121,550","383,075","211,208","306,211"
349,03-abr-2018,"47,550","214,400","121,075","383,025","210,858","306,211"
350,04-abr-2018,"48,000","209,450","120,625","378,075","210,715","306,211"
351,05-abr-2018,"47,950","207,475","117,425","372,850","216,340","306,645"
352,06-abr-2018,"47,750","205,800","117,200","370,750","216,295","306,645"
353,09-abr-2018,"51,550","203,575","117,050","372,175","217,098","306,645"
354,10-abr-2018,"51,425","201,375","116,725","369,525","217,110","306,645"
355,11-abr-2018,"51,250","198,975","116,500","366,725","217,095","306,645"
356,12-abr-2018,"51,075","196,450","115,175","362,700","216,801","280,836"
357,13-abr-2018,"50,925","191,550","114,550","357,025","216,575","280,836"
358,16-abr-2018,"50,800","187,075","114,125","352,000","216,511","280,836"
359,17-abr-2018,"50,650","185,675","121,700","358,025","216,250","280,836"
360,18-abr-2018,"54,675","184,325","120,275","359,275","216,160","280,836"
361,19-abr-2018,"54,575","181,725","118,850","355,150","216,107","261,743"
362,20-abr-2018,"54,575","181,325","117,475","353,375","224,943","261,743"
363,23-abr-2018,"57,050","179,425","115,350","351,825","224,981","261,743"
364,24-abr-2018,"57,050","177,025","114,650","348,725","225,128","261,743"
365,25-abr-2018,"57,050","177,225","112,025","346,300","225,083","261,743"
366,26-abr-2018,"57,050","174,125","111,075","342,250","225,436","249,732"
367,27-abr-2018,"57,050","169,950","110,700","337,700","225,176","249,732"
368,30-abr-2018,"57,000","166,950","110,700","334,650","225,657","249,732"
369,01-May-2018,"56,950","158,550","110,025","325,525","224,759","249,732"
370,02-May-2018,"56,950","158,050","109,225","324,225","224,646","249,732"
371,03-May-2018,"57,450","150,700","108,250","316,400","228,167","264,685"
372,04-May-2018,"57,700","146,050","107,625","311,375","228,625","264,685"
373,07-May-2018,"57,700","146,050","107,625","311,375","229,238","264,685"
374,08-May-2018,"57,950","138,450","106,225","302,625","229,505","264,685"
375,09-May-2018,"57,875","130,900","104,250","293,025","228,983","264,685"
376,10-May-2018,"57,875","126,525","100,675","285,075","228,287","279,525"
377,11-May-2018,"57,875","122,525","100,675","281,075","227,320","279,525"
378,14-May-2018,"57,875","130,625","101,475","289,975","227,034","279,525"
379,15-May-2018,"58,875","130,000","102,475","291,350","225,876","279,525"
380,16-May-2018,"58,875","129,450","102,500","290,825","225,586","279,525"
381,17-May-2018,"66,400","129,250","104,550","300,200","225,217","268,504"
382,18-May-2018,"68,525","130,200","102,750","301,475","225,569","268,504"
383,21-May-2018,"69,825","128,550","104,525","302,900","225,866","268,504"
384,22-May-2018,"69,825","125,825","104,525","300,175","224,994","268,504"
385,23-May-2018,"69,825","123,950","104,225","298,000","223,770","268,504"
386,24-May-2018,"71,400","124,600","104,125","300,125","222,659","268,385"
387,25-May-2018,"71,400","121,250","100,800","293,450","221,283","268,385"
388,28-May-2018,"71,400","121,250","100,800","293,450","222,659","268,385"
389,29-May-2018,"73,425","120,750","100,575","294,750","220,394","268,385"
390,30-May-2018,"73,200","113,375","96,800","283,375","210,654","268,385"
391,31-May-2018,"74,950","142,725","93,850","311,525","209,890","272,254"
392,01-Jun-2018,"77,175","149,325","91,450","317,950","210,148","272,254"
393,04-Jun-2018,"79,600","146,825","88,925","315,350","210,335","272,254"
394,05-Jun-2018,"79,475","145,275","84,550","309,300","209,612","272,254"
395,06-Jun-2018,"80,950","143,775","82,025","306,750","209,357","272,254"
396,07-Jun-2018,"84,550","146,175","79,475","310,200","209,249","256,030"
397,08-Jun-2018,"84,450","144,675","77,950","307,075","209,571","256,030"
398,11-Jun-2018,"85,775","139,750","73,975","299,500","210,218","256,030"
399,12-Jun-2018,"86,850","137,250","71,625","295,725","209,992","256,030"
400,13-Jun-2018,"86,775","137,000","69,675","293,450","209,265","256,030"
401,14-Jun-2018,"89,075","136,700","67,775","293,550","208,637","253,017"
402,15-Jun-2018,"92,375","136,425","65,900","294,700","207,546","253,017"
403,18-Jun-2018,"93,900","136,425","63,950","294,275","207,228","253,017"
404,19-Jun-2018,"95,200","137,225","62,125","294,550","206,486","253,017"
405,20-Jun-2018,"99,100","137,800","72,075","308,975","206,048","253,017"
406,21-Jun-2018,"100,000","137,375","70,300","307,675","205,602","255,394"
407,22-Jun-2018,"101,125","136,150","68,700","305,975","204,636","255,394"
408,25-Jun-2018,"102,775","135,650","67,100","305,525","204,145","255,394"
409,26-Jun-2018,"102,700","134,775","65,625","303,100","203,639","255,394"
410,27-Jun-2018,"102,600","131,800","64,375","298,775","203,752","255,394"
411,28-Jun-2018,"105,650","130,125","62,475","298,250","203,194","263,968"
412,29-Jun-2018,"106,800","126,175","61,550","294,525","203,192","263,968"
413,02-Jul-2018,"107,750","122,975","59,150","289,875","202,899","263,968"
414,03-Jul-2018,"109,725","118,475","58,325","286,525","202,622","263,968"
415,04-Jul-2018,"110,500","114,225","57,500","282,225","202,622","263,968"
416,05-Jul-2018,"112,700","109,200","57,100","279,000","202,122","258,678"
417,06-Jul-2018,"112,700","105,975","56,800","275,475","201,990","258,678"
418,09-Jul-2018,"112,700","101,575","56,275","270,550","202,151","258,678"
419,10-Jul-2018,"115,775","99,500","55,350","270,625","201,655","258,678"
420,11-Jul-2018,"115,775","95,225","54,475","265,475","201,819","258,678"
421,12-Jul-2018,"115,775","93,350","53,625","262,750","200,473","234,696"
422,13-Jul-2018,"115,775","90,275","52,675","258,725","199,399","234,696"
423,16-Jul-2018,"116,875","88,825","51,500","257,200","198,537","234,696"
424,17-Jul-2018,"119,500","89,450","50,775","259,725","197,952","234,696"
425,18-Jul-2018,"119,400","88,275","49,675","257,350","197,225","234,696"
426,19-Jul-2018,"119,400","88,250","48,825","256,475","196,292","211,319"
427,20-Jul-2018,"119,400","87,925","48,000","255,325","195,937","211,319"
428,23-Jul-2018,"119,700","87,650","47,350","254,700","194,731","211,319"
429,24-Jul-2018,"120,075","87,475","46,875","254,425","193,555","211,319"
430,25-Jul-2018,"120,075","85,775","46,550","252,400","192,417","211,319"
431,26-Jul-2018,"120,075","85,575","46,300","251,950","191,060","197,068"
432,27-Jul-2018,"121,975","85,425","46,125","253,525","189,611","197,068"
433,30-Jul-2018,"124,250","86,150","45,875","256,275","188,211","197,068"
434,31-Jul-2018,"124,250","84,350","45,825","254,425","186,886","197,068"
435,01-ago-2018,"124,250","82,000","45,700","251,950","185,677","197,068"
436,02-ago-2018,"124,250","81,800","45,400","251,450","185,180","192,817"
437,03-ago-2018,"124,450","81,000","45,175","250,625","184,711","192,817"
438,06-ago-2018,"123,850","81,000","45,050","249,900","183,964","192,817"
439,07-ago-2018,"123,250","79,825","44,975","248,050","183,073","192,817"
440,08-ago-2018,"123,625","79,775","45,750","249,150","182,090","192,817"
441,09-ago-2018,"124,825","82,100","45,700","252,625","181,472","171,107"
442,10-ago-2018,"124,925","82,900","45,700","253,525","180,127","171,107"
443,13-ago-2018,"125,425","83,275","45,700","254,400","180,145","171,107"
444,14-ago-2018,"125,425","83,750","45,700","254,875","179,638","171,107"
445,15-ago-2018,"127,900","84,225","45,500","257,625","179,147","171,107"
446,16-ago-2018,"127,875","84,025","45,500","257,400","178,336","155,076"
447,17-ago-2018,"128,825","84,525","45,500","258,850","178,128","155,076"
448,20-ago-2018,"129,300","84,500","45,450","259,250","177,901","155,076"
449,21-ago-2018,"129,300","84,500","47,450","261,250","177,395","155,076"
450,22-ago-2018,"131,300","84,250","47,300","262,850","177,033","155,076"
451,23-ago-2018,"132,300","83,900","50,750","266,950","176,672","146,590"
452,24-ago-2018,"131,975","84,400","50,700","267,075","176,016","146,590"
453,27-ago-2018,"131,975","84,400","50,700","267,075","175,657","146,590"
454,28-ago-2018,"132,675","84,850","50,650","268,175","175,101","146,590"
455,29-ago-2018,"133,300","83,975","50,575","267,850","174,488","146,590"
456,30-ago-2018,"133,200","83,100","50,150","266,450","173,856","138,001"
457,31-ago-2018,"134,375","80,500","50,050","264,925","172,874","138,001"
458,03-Sep-2018,"134,175","75,675","52,625","262,475","172,874","138,001"
459,04-Sep-2018,"134,175","76,150","52,575","262,900","172,244","138,001"
460,05-Sep-2018,"133,975","76,375","51,750","262,100","171,503","138,001"
461,06-Sep-2018,"133,700","70,350","50,300","254,350","171,347","136,051"
462,07-Sep-2018,"131,525","66,625","48,025","246,175","170,109","136,051"
463,10-Sep-2018,"131,025","62,425","45,300","238,750","169,464","136,051"
464,11-Sep-2018,"130,725","60,625","42,950","234,300","168,157","136,051"
465,12-Sep-2018,"131,600","61,150","40,275","233,025","167,274","136,051"
466,13-Sep-2018,"130,375","56,675","38,075","225,125","166,297","134,566"
467,14-Sep-2018,"132,275","56,925","36,700","225,900","165,433","134,566"
468,17-Sep-2018,"130,600","55,925","35,400","221,925","164,447","134,566"
469,18-Sep-2018,"128,850","51,200","34,100","214,150","163,367","134,566"
470,19-Sep-2018,"130,625","53,625","33,350","217,600","162,188","134,566"
471,20-Sep-2018,"129,975","51,875","33,150","215,000","160,916","111,029"
472,21-Sep-2018,"128,775","55,825","32,000","216,600","160,929","111,029"
473,24-Sep-2018,"127,400","55,550","31,400","214,350","160,325","111,029"
474,25-Sep-2018,"127,275","55,050","30,600","212,925","159,528","111,029"
475,26-Sep-2018,"127,475","53,675","29,750","210,900","158,891","111,029"
476,27-Sep-2018,"128,400","52,500","29,000","209,900","158,251","111,995"
477,28-Sep-2018,"126,575","47,675","28,150","202,400","157,596","111,995"
478,01-Oct-2018,"124,875","45,525","28,725","199,125","156,435","111,995"
479,02-Oct-2018,"124,925","43,375","28,300","196,600","156,091","111,995"
480,03-Oct-2018,"124,700","41,475","28,000","194,175","155,268","111,995"
481,04-Oct-2018,"122,525","39,650","26,775","188,950","154,382","111,995"
482,05-Oct-2018,"121,450","36,200","29,150","186,800","154,362","111,995"
483,08-Oct-2018,"120,350","33,225","28,400","181,975","153,700","111,995"
484,09-Oct-2018,"119,125","31,100","27,625","177,850","153,091","111,995"
485,10-Oct-2018,"117,950","28,700","26,850","173,500","152,145","111,995"
486,11-Oct-2018,"116,500","28,225","25,375","170,100","151,430","125,700"
487,12-Oct-2018,"115,350","24,850","26,400","166,600","150,774","125,700"
488,15-Oct-2018,"113,750","22,750","25,200","161,700","149,627","125,700"
489,16-Oct-2018,"116,975","21,025","26,175","164,175","150,092","125,700"
490,17-Oct-2018,"115,825","19,125","25,950","160,900","149,422","125,700"
491,18-Oct-2018,"113,800","18,575","25,925","158,300","148,657","140,789"
492,19-Oct-2018,"111,700","17,275","24,975","153,950","148,529","140,789"
493,22-Oct-2018,"113,325","16,775","24,125","154,225","147,619","140,789"
494,23-Oct-2018,"112,025","15,875","23,200","151,100","147,136","140,789"
495,24-Oct-2018,"113,025","16,250","22,950","152,225","146,659","140,789"
496,25-Oct-2018,"111,000","17,000","21,575","149,575","145,588","148,943"
497,26-Oct-2018,"108,800","17,000","20,550","146,350","144,322","148,943"
498,29-Oct-2018,"107,250","16,250","19,625","143,125","143,622","148,943"
499,30-Oct-2018,"105,825","14,600","18,825","139,250","143,343","148,943"
500,31-Oct-2018,"105,950","13,750","17,925","137,625","142,822","148,943"
501,01-Nov-2018,"104,000","14,750","17,925","136,675","142,056","147,542"
502,02-Nov-2018,"103,800","53,575","23,000","180,375","141,098","147,542"
503,05-Nov-2018,"101,750","53,300","22,900","177,950","140,506","147,542"
504,06-Nov-2018,"101,425","52,050","21,925","175,400","140,197","147,542"
505,07-Nov-2018,"100,475","52,050","21,675","174,200","140,014","147,542"
506,08-Nov-2018,"100,500","50,200","21,625","172,325","139,408","142,234"
507,09-Nov-2018,"98,650","50,800","21,600","171,050","138,455","142,234"
508,12-Nov-2018,"96,950","50,800","21,575","169,325","136,772","142,234"
509,13-Nov-2018,"95,575","51,200","21,550","168,325","136,253","142,234"
510,14-Nov-2018,"97,175","48,450","21,450","167,075","135,180","142,234"
511,15-Nov-2018,"99,025","45,975","21,450","166,450","134,029","134,744"
512,16-Nov-2018,"97,050","43,200","20,775","161,025","132,609","134,744"
513,19-Nov-2018,"95,475","39,200","16,950","151,625","131,019","134,744"
514,20-Nov-2018,"94,825","34,925","15,500","145,250","129,783","134,744"
515,21-Nov-2018,"96,100","32,675","14,500","143,275","129,026","134,744"
516,22-Nov-2018,"97,200","32,625","13,500","143,325","129,026","133,163"
517,23-Nov-2018,"96,200","30,675","12,675","139,550","128,386","133,163"
518,26-Nov-2018,"96,200","30,875","10,025","137,100","128,034","133,163"
519,27-Nov-2018,"97,150","30,775","9,925","137,850","126,954","133,163"
520,28-Nov-2018,"96,625","30,775","9,925","137,325","126,140","133,163"
521,29-Nov-2018,"95,550","30,775","9,925","136,250","125,558","131,042"
522,30-Nov-2018,"97,325","29,225","9,625","136,175","124,489","131,042"
523,03-dic-2018,"96,925","27,825","9,450","134,200","122,956","131,042"
524,04-dic-2018,"95,925","25,200","9,050","130,175","121,986","131,042"
525,05-dic-2018,"95,825","22,075","10,300","128,200","120,512","131,042"
526,06-dic-2018,"95,450","19,575","9,925","124,950","118,718","123,879"
527,07-dic-2018,"97,175","17,625","9,650","124,450","117,121","123,879"
528,10-dic-2018,"96,900","16,125","9,475","122,500","115,534","123,879"
529,11-dic-2018,"97,000","14,825","9,475","121,300","112,164","123,879"
530,12-dic-2018,"97,000","13,450","9,450","119,900","110,810","123,879"
531,13-dic-2018,"97,800","12,725","9,450","119,975","109,591","122,222"
532,14-dic-2018,"97,550","12,725","10,950","121,225","108,880","122,222"
533,17-dic-2018,"98,125","12,725","10,950","121,800","108,180","122,222"
534,18-dic-2018,"98,425","12,625","10,950","122,000","106,731","122,222"
535,19-dic-2018,"101,650","12,625","14,075","128,350","105,219","122,222"
536,20-dic-2018,"101,525","12,625","14,075","128,225","103,958","110,702"
537,21-dic-2018,"102,650","12,625","14,450","129,725","101,939","110,702"
538,24-dic-2018,"102,650","12,625","14,450","129,725","101,098","110,702"
539,25-dic-2018,"102,650","12,625","14,450","129,725","101,098","110,702"
540,26-dic-2018,"102,650","12,625","14,450","129,725","100,814","110,702"
541,27-dic-2018,"103,250","12,625","14,450","130,325","100,430","100,702"
542,28-dic-2018,"103,250","12,325","14,450","130,025","100,226","118,686"
543,31-dic-2018,"103,875","12,325","15,975","132,175","99,868","118,686"
544,02-ene-2019,"103,875","12,325","15,975","132,175","99,635","118,686"
545,03-ene-2019,"103,875","12,550","15,975","132,400","99,015","108,890"
546,04-ene-2019,"103,875","12,550","15,975","132,400","98,439","108,890"
547,07-ene-2019,"103,875","12,500","15,975","132,350","97,596","108,890"
548,08-ene-2019,"103,875","12,500","15,975","132,350","96,563","108,890"
549,09-ene-2019,"104,350","12,400","15,925","132,675","95,656","108,890"
550,10-ene-2019,"105,275","12,400","15,925","133,600","94,794","97,979"
551,11-ene-2019,"105,325","12,450","15,925","133,700","93,530","97,979"
552,14-ene-2019,"105,325","12,450","15,925","133,700","92,756","97,979"
553,15-ene-2019,"105,225","12,450","15,925","133,600","90,980","97,979"
554,16-ene-2019,"105,150","12,450","17,425","135,025","89,620","97,979"
555,17-ene-2019,"105,150","12,450","17,375","134,975","89,133","100,878"
556,18-ene-2019,"105,125","12,650","17,325","135,100","87,282","100,878"
557,21-ene-2019,"115,100","12,650","17,275","145,025","87,282","100,878"
558,22-ene-2019,"115,100","12,650","17,275","145,025","86,455","100,878"
559,23-ene-2019,"115,100","13,150","17,325","145,575","85,556","100,878"
560,24-ene-2019,"115,075","13,150","17,450","145,675","83,843","119,727"
561,25-ene-2019,"115,075","13,600","17,600","146,275","82,130","119,727"
562,28-ene-2019,"115,075","13,600","17,800","146,475","80,645","119,727"
563,29-ene-2019,"116,100","13,600","17,900","147,600","79,377","119,727"
564,30-ene-2019,"116,100","13,700","19,300","149,100","78,840","119,727"
565,31-ene-2019,"116,075","13,700","19,425","149,200","77,991","142,727"
566,01-Feb-2019,"116,850","13,600","19,500","149,950","76,051","142,727"
567,04-Feb-2019,"116,825","13,575","19,500","149,900","74,251","142,727"
568,05-Feb-2019,"116,725","13,575","19,500","149,800","73,160","142,727"
569,06-Feb-2019,"116,475","13,575","19,500","149,550","71,630","142,727"
570,07-Feb-2019,"116,325","13,575","19,500","149,400","71,278","142,727"
571,08-Feb-2019,"116,125","13,575","19,500","149,200","70,126","142,727"
572,11-Feb-2019,"115,175","13,875","19,500","148,550","68,346","142,727"
573,12-Feb-2019,"114,975","13,875","19,400","148,250","67,668","142,727"
574,13-Feb-2019,"113,400","13,875","20,625","147,900","66,832","142,727"
575,14-Feb-2019,"111,625","13,875","20,025","145,525","65,696","207,118"
576,15-Feb-2019,"109,900","13,900","19,375","143,175","63,725","207,118"
577,18-Feb-2019,"107,725","13,900","18,550","140,175","63,725","207,118"
578,19-Feb-2019,"105,275","15,200","18,925","139,400","62,408","207,118"
579,20-Feb-2019,"104,875","15,200","19,425","139,500","59,920","207,118"
580,21-Feb-2019,"102,700","15,300","19,700","137,700","59,075","217,794"
581,22-Feb-2019,"101,125","15,300","17,400","133,825","57,356","217,794"
582,25-Feb-2019,"98,975","15,800","17,675","132,450","56,095","217,794"
583,26-Feb-2019,"98,375","16,000","18,700","133,075","54,647","217,794"
584,27-Feb-2019,"96,025","16,200","18,700","130,925","53,207","217,794"
585,28-Feb-2019,"93,625","16,100","18,750","128,475","52,280","227,049"
586,01-Mar-2019,"91,250","16,200","18,650","126,100","51,231","227,049"
587,04-Mar-2019,"88,825","15,950","18,650","123,425","50,658","227,049"
588,05-Mar-2019,"86,825","15,775","16,000","118,600","50,201","227,049"
589,06-Mar-2019,"86,850","13,825","16,200","116,875","50,058","227,049"
590,07-Mar-2019,"87,050","18,325","14,700","120,075","49,149","236,169"
591,08-Mar-2019,"84,875","18,325","13,525","116,725","48,387","236,169"
592,11-Mar-2019,"82,925","18,300","12,300","113,525","47,973","236,169"
593,12-Mar-2019,"81,275","18,350","13,100","112,725","46,839","236,169"
594,13-Mar-2019,"80,050","18,625","13,100","111,775","46,546","236,169"
595,14-Mar-2019,"78,325","18,725","47,575","144,625","45,279","264,601"
596,15-Mar-2019,"75,325","63,300","47,800","186,425","44,978","264,601"
597,18-Mar-2019,"73,000","64,350","46,475","183,825","44,018","264,601"
598,19-Mar-2019,"69,975","64,400","46,825","181,200","43,820","264,601"
599,20-Mar-2019,"67,450","65,000","46,825","179,275","43,698","264,601"
600,21-Mar-2019,"65,275","64,350","46,825","176,450","43,195","259,172"
601,22-Mar-2019,"62,850","64,400","48,075","175,325","42,559","259,172"
602,25-Mar-2019,"61,275","64,450","48,075","173,800","42,020","259,172"
603,26-Mar-2019,"59,700","64,500","48,075","172,275","41,579","259,172"
604,27-Mar-2019,"57,900","64,500","48,325","170,725","40,968","259,172"
605,28-Mar-2019,"57,125","64,500","48,325","169,950","40,304","261,412"
606,29-Mar-2019,"55,650","64,550","48,325","168,525","39,519","261,412"
607,01-abr-2019,"54,400","65,800","48,325","168,525","38,730","261,412"
608,02-abr-2019,"53,200","65,900","48,325","167,425","38,440","261,412"
609,03-abr-2019,"52,475","67,150","48,325","167,950","38,287","261,412"
610,04-abr-2019,"51,775","85,925","60,625","198,325","37,580","257,320"
611,05-abr-2019,"50,925","86,750","60,625","198,300","37,123","257,320"
612,08-abr-2019,"49,925","87,000","60,625","197,550","36,739","257,320"
613,09-abr-2019,"49,025","87,500","61,750","198,275","36,607","257,320"
614,10-abr-2019,"47,825","87,500","62,200","197,525","36,459","257,320"
615,11-abr-2019,"46,175","86,100","62,150","194,425","35,745","245,178"
616,12-abr-2019,"44,725","85,575","62,125","192,425","35,468","245,178"
617,15-abr-2019,"43,675","86,075","62,000","191,750","35,015","245,178"
618,16-abr-2019,"42,825","85,200","62,475","190,500","35,015","245,178"
619,17-abr-2019,"42,300","85,400","62,950","190,650","35,015","245,178"
620,18-abr-2019,"41,025","85,425","62,775","189,225","34,017","236,734"
621,19-abr-2019,"41,025","85,425","62,775","189,225","34,017","236,734"
622,22-abr-2019,"41,025","85,425","62,775","189,225","33,090","236,734"
623,23-abr-2019,"40,150","85,400","62,750","188,300","32,637","236,734"
624,24-abr-2019,"39,225","84,525","62,375","186,125","32,598","236,734"
625,25-abr-2019,"44,150","88,350","62,300","194,800","31,689","219,679"
626,26-abr-2019,"43,150","90,450","62,300","195,900","31,507","219,679"
627,29-abr-2019,"49,925","112,800","69,500","232,225","31,507","219,679"
628,30-abr-2019,"49,300","110,525","69,350","229,175","31,116","211,630"
629,01-May-2019,"48,625","108,000","69,300","225,925","31,116","211,630"
630,02-May-2019,"54,650","108,000","69,300","231,950","30,360","211,630"
631,03-May-2019,"54,100","104,875","69,300","228,275","30,179","211,630"
632,06-May-2019,"54,100","104,875","69,300","228,275","30,179","211,630"
633,07-May-2019,"59,775","101,000","69,300","230,075","29,923","211,630"
634,08-May-2019,"58,775","98,775","69,650","227,200","29,923","211,630"
635,09-May-2019,"58,125","90,175","69,675","217,975","29,562","194,208"
636,10-May-2019,"58,050","83,725","69,700","211,475","29,562","194,208"
637,13-May-2019,"56,875","77,250","69,625","203,750","29,311","194,208"
638,14-May-2019,"56,200","72,825","69,625","198,650","29,311","194,208"
639,15-May-2019,"56,425","68,050","69,775","194,250","29,300","194,208"
640,16-May-2019,"55,525","65,925","70,275","191,725","29,226","187,963"
641,17-May-2019,"54,550","65,750","70,250","190,550","29,188","187,963"
642,20-May-2019,"53,325","65,850","69,550","188,725","28,994","187,963"
643,21-May-2019,"53,425","65,850","69,975","189,250","28,933","187,963"
644,22-May-2019,"52,000","65,800","69,900","187,700","28,960","187,963"
645,23-May-2019,"51,375","65,275","69,825","186,475","28,851","172,266"
646,24-May-2019,"50,850","65,275","69,700","185,825","28,871","172,266"
647,27-May-2019,"50,850","65,275","69,700","185,825","28,871","172,266"
648,28-May-2019,"50,575","65,425","69,575","185,575","28,892","172,266"
649,29-May-2019,"49,825","65,550","69,625","185,000","28,801","172,266"
650,30-May-2019,"49,250","81,300","81,900","212,450","28,711","165,439"
651,31-May-2019,"49,050","81,300","81,650","212,000","28,700","165,439"
652,03-Jun-2019,"48,975","81,300","81,525","211,800","28,701","165,439"
653,04-Jun-2019,"48,950","81,300","81,525","211,775","28,701","165,439"
654,05-Jun-2019,"48,450","81,000","82,600","212,050","28,701","165,439"
655,06-Jun-2019,"48,100","81,000","82,550","211,650","27,966","145,626"
656,07-Jun-2019,"48,075","81,000","82,500","211,575","27,819","145,626"
657,10-Jun-2019,"47,900","81,000","82,450","211,350","27,819","145,626"
658,11-Jun-2019,"47,775","81,000","82,450","211,225","27,651","145,626"
659,12-Jun-2019,"47,600","81,000","82,300","210,900","27,651","145,626"
660,13-Jun-2019,"46,900","104,350","97,300","248,550","27,401","139,556"
661,14-Jun-2019,"46,500","108,725","97,200","252,425","27,401","139,556"
662,17-Jun-2019,"45,500","108,725","97,125","251,350","27,401","139,556"
663,18-Jun-2019,"44,550","108,625","97,575","250,750","27,318","139,556"
664,19-Jun-2019,"43,575","107,125","97,675","248,375","27,499","139,556"
665,20-Jun-2019,"42,800","106,675","97,575","247,050","27,760","134,747"
666,21-Jun-2019,"41,725","106,675","97,650","246,050","27,920","134,747"
667,24-Jun-2019,"40,425","106,675","97,625","244,725","28,362","134,747"
668,25-Jun-2019,"39,850","105,475","97,550","242,875","28,604","134,747"
669,26-Jun-2019,"39,250","104,775","97,675","241,700","29,366","134,747"
670,27-Jun-2019,"38,750","104,650","97,775","241,175","29,728","146,019"
671,28-Jun-2019,"38,250","105,700","97,450","241,400","30,314","146,019"
672,01-Jul-2019,"37,950","105,650","97,300","240,900","30,741","146,019"
673,02-Jul-2019,"37,900","105,725","96,300","239,925","31,018","146,019"
674,03-Jul-2019,"37,775","139,325","95,400","272,500","31,019","146,019"
675,04-Jul-2019,"37,750","139,325","94,450","271,525","31,019","140,904"
676,05-Jul-2019,"37,375","151,550","114,050","302,975","31,316","140,904"
677,08-Jul-2019,"37,375","149,075","111,850","298,300","31,588","140,904"
678,09-Jul-2019,"37,350","149,075","109,600","296,025","31,850","140,904"
679,10-Jul-2019,"37,075","148,975","107,475","293,525","32,112","140,904"
680,11-Jul-2019,"36,400","147,025","106,575","290,000","32,566","145,279"
681,12-Jul-2019,"35,775","147,025","105,400","288,200","32,802","145,279"
682,15-Jul-2019,"35,675","146,950","103,200","285,825","33,261","145,279"
683,16-Jul-2019,"38,375","151,325","103,225","292,925","66,615","145,279"
684,17-Jul-2019,"38,600","150,025","110,975","299,600","33,774","145,279"
685,18-Jul-2019,"38,175","148,925","110,925","298,025","33,921","154,520"
686,19-Jul-2019,"37,600","148,575","110,275","296,450","34,177","154,520"
687,22-Jul-2019,"37,425","148,575","109,725","295,725","34,798","154,520"
688,23-Jul-2019,"37,050","147,125","109,375","293,550","34,818","154,520"
689,24-Jul-2019,"36,700","146,775","111,525","295,000","34,841","154,520"
690,25-Jul-2019,"37,825","146,350","111,300","295,475","35,125","149,189"
691,26-Jul-2019,"37,050","146,200","110,875","294,125","35,125","149,189"
692,29-Jul-2019,"37,025","146,125","109,800","292,950","35,452","149,189"
693,30-Jul-2019,"38,175","146,075","108,250","292,500","35,610","149,189"
694,31-Jul-2019,"38,075","145,175","107,250","290,500","35,926","149,189"
695,01-ago-2019,"39,175","141,950","106,675","287,800","35,967","155,971"
696,02-ago-2019,"39,175","141,050","106,375","286,600","36,387","155,971"
697,05-ago-2019,"39,175","138,150","105,950","283,275","36,511","155,971"
698,06-ago-2019,"39,175","135,750","103,050","277,975","36,663","155,971"
699,07-ago-2019,"38,850","133,850","103,250","275,950","37,027","155,971"
700,08-ago-2019,"38,325","133,350","102,850","274,525","37,047","156,367"
701,09-ago-2019,"38,125","132,850","100,750","271,725","37,352","156,367"
702,12-ago-2019,"37,975","132,350","103,025","273,350","37,373","156,367"
703,13-ago-2019,"37,925","131,850","102,775","272,550","37,655","156,367"
704,14-ago-2019,"37,700","131,450","102,650","271,800","37,675","156,367"
705,15-ago-2019,"37,650","154,500","109,600","301,750","37,695","162,830"
706,16-ago-2019,"40,175","174,650","117,150","331,975","37,715","162,830"
707,19-ago-2019,"40,150","174,100","115,875","330,125","37,715","162,830"
708,20-ago-2019,"40,675","173,500","115,425","329,600","37,715","162,830"
709,21-ago-2019,"40,675","172,900","116,000","329,575","38,172","162,830"
710,22-ago-2019,"40,650","172,675","114,925","328,250","38,130","156,573"
711,23-ago-2019,"40,650","176,225","115,050","331,925","38,171","156,573"
712,26-ago-2019,"40,650","176,225","115,050","331,925","38,352","156,573"
713,27-ago-2019,"40,600","175,300","118,075","333,975","38,831","156,573"
714,28-ago-2019,"41,650","176,225","116,825","334,700","39,219","156,573"
715,29-ago-2019,"41,650","175,725","119,200","336,575","39,480","143,876"
716,30-ago-2019,"42,150","178,950","116,575","337,675","39,761","143,876"
717,02-Sep-2019,"45,700","175,650","114,500","335,850","39,761","143,876"
718,03-Sep-2019,"45,700","171,850","112,500","330,050","40,019","143,876"
719,04-Sep-2019,"45,700","167,600","110,250","323,550","40,019","143,876"
720,05-Sep-2019,"45,700","165,950","107,025","318,675","40,019","162,059"
721,06-Sep-2019,"45,700","163,900","103,675","313,275","40,147","162,059"
722,09-Sep-2019,"45,325","160,250","104,775","310,350","39,871","162,059"
723,10-Sep-2019,"45,000","156,175","109,275","310,450","40,110","162,059"
724,11-Sep-2019,"44,525","153,525","107,175","305,225","40,344","162,059"
725,12-Sep-2019,"44,100","150,100","105,550","299,750","40,688","152,188"
726,13-Sep-2019,"44,100","148,300","104,225","296,625","40,325","152,188"
727,16-Sep-2019,"44,100","148,300","109,525","301,925","39,962","152,188"
728,17-Sep-2019,"44,100","146,075","109,150","299,325","39,826","152,188"
729,18-Sep-2019,"44,100","143,050","108,650","295,800","39,826","152,188"
730,19-Sep-2019,"44,075","138,575","108,150","290,800","38,498","141,379"
731,20-Sep-2019,"44,050","135,475","107,625","287,150","37,410","141,379"
732,23-Sep-2019,"44,050","132,250","107,250","283,550","37,410","141,379"
733,24-Sep-2019,"44,075","129,300","106,775","280,150","36,957","141,379"
734,25-Sep-2019,"45,075","126,300","105,450","276,825","36,957","141,379"
735,26-Sep-2019,"45,525","123,150","103,200","271,875","36,900","117,455"
736,27-Sep-2019,"45,500","119,700","101,025","266,225","36,285","117,455"
737,30-Sep-2019,"46,000","116,900","101,525","264,425","36,032","118,108"
738,01-Oct-2019,"46,500","111,925","100,350","258,775","35,964","118,108"
739,02-Oct-2019,"46,975","107,850","99,250","254,075","36,004","118,108"
740,03-Oct-2019,"46,975","122,600","120,675","290,250","35,553","118,108"
741,04-Oct-2019,"46,975","121,100","120,350","288,425","35,392","118,108"
742,07-Oct-2019,"46,975","118,100","120,525","285,600","35,242","118,108"
743,08-Oct-2019,"46,650","116,450","120,250","283,350","35,049","118,108"
744,09-Oct-2019,"46,175","113,450","123,500","283,125","35,209","118,108"
745,10-Oct-2019,"46,550","111,875","127,175","285,600","35,274","134,509"
746,11-Oct-2019,"45,875","110,325","126,125","282,325","34,663","134,509"
747,14-Oct-2019,"45,275","108,700","123,375","277,350","33,956","134,509"
748,15-Oct-2019,"44,725","104,175","126,075","274,975","33,936","134,509"
749,16-Oct-2019,"44,500","103,025","128,050","275,575","33,888","134,509"
750,17-Oct-2019,"44,025","99,275","131,800","275,100","33,806","152,499"
751,18-Oct-2019,"43,775","94,875","129,750","268,400","32,557","152,499"
752,21-Oct-2019,"43,575","92,575","132,050","268,200","31,842","152,499"
753,22-Oct-2019,"43,575","96,300","130,475","270,350","31,620","152,499"
754,23-Oct-2019,"43,575","94,575","131,375","269,525","31,842","152,499"
755,24-Oct-2019,"43,550","91,225","130,475","265,250","31,649","143,010"
756,25-Oct-2019,"43,475","88,225","129,325","261,025","31,491","143,010"
757,28-Oct-2019,"43,475","83,700","128,475","255,650",0,"143,010"
758,29-Oct-2019,"43,425","78,825","128,500","250,750","32,040","143,010"
759,30-Oct-2019,"43,425","75,825","151,075","270,325","32,681","143,010"
760,31-Oct-2019,"42,850","71,375","149,175","263,400","32,917","149,911"
761,01-Nov-2019,"42,150","65,675","147,200","255,025","33,157","149,911"
762,04-Nov-2019,"41,975","62,750","146,750","251,475","33,155","149,911"
763,05-Nov-2019,"41,275","59,975","146,750","248,000","33,275","149,911"
764,06-Nov-2019,"41,200","58,900","141,825","241,925","33,620","149,911"
765,07-Nov-2019,"41,200","57,500","139,850","238,550","34,046","148,687"
766,08-Nov-2019,"40,425","54,475","141,050","235,950","34,384","148,687"
767,11-Nov-2019,"42,325","52,800","139,075","234,200","34,833","148,687"
768,12-Nov-2019,"41,750","51,300","136,300","229,350","35,210","148,687"
769,13-Nov-2019,"41,100","49,800","133,525","224,425",0,"148,687"
770,14-Nov-2019,"41,750","47,350","132,625","221,725","35,850","135,513"
771,15-Nov-2019,"43,400","50,150","131,225","224,775","36,145","135,513"
772,18-Nov-2019,"42,550","48,650","130,250","221,450","36,200","135,513"
773,19-Nov-2019,"41,925","47,275","130,275","219,475","36,277","135,513"
774,20-Nov-2019,"44,100","45,775","131,075","220,950","36,355","135,513"
775,21-Nov-2019,"47,425","44,275","130,375","222,075","36,375","135,037"
776,22-Nov-2019,"47,025","42,825","129,075","218,925","36,375","135,037"
777,25-Nov-2019,"46,575","41,325","128,200","216,100","36,375","135,037"
778,26-Nov-2019,"46,450","39,775","127,975","214,200","36,375","135,037"
779,27-Nov-2019,"46,925","38,475","127,800","213,200","36,375","135,037"
780,28-Nov-2019,"46,700","35,875","127,625","210,200","36,375","120,192"
781,29-Nov-2019,"46,625","34,775","127,225","208,625","36,375","120,192"
782,02-dic-2019,"46,625","34,900","127,000","208,525",0,"120,192"
783,03-dic-2019,"46,625","34,725","124,900","206,250","36,375","120,192"
784,04-dic-2019,"46,300","34,725","121,925","202,950","36,375","120,192"
785,05-dic-2019,"45,975","32,600","119,850","198,425","36,395","112,667"
786,06-dic-2019,"45,275","30,400","118,125","193,800","36,456","112,667"
787,09-dic-2019,"44,400","29,300","117,125","190,825","36,368","112,667"
788,10-dic-2019,"43,675","28,075","113,450","185,200","36,368","112,667"
789,11-dic-2019,"43,375","28,075","110,250","181,700","36,388","112,667"
790,12-dic-2019,"42,400","27,175","106,250","175,825","36,388","117,245"
791,13-dic-2019,"41,775","25,300","104,725","171,800","36,388","117,245"
792,16-dic-2019,"41,100","23,925","102,450","167,475","36,388","117,245"
793,17-dic-2019,"39,275","23,125","99,825","162,225","36,286","117,245"
794,18-dic-2019,"41,625","21,525","97,675","160,825","36,286","117,245"
795,19-dic-2019,"40,600","21,700","95,200","157,500","36,267","129,069"
796,20-dic-2019,"39,575","21,700","93,175","154,450","36,249","129,069"
797,23-dic-2019,"37,875","21,600","91,625","151,100","36,249","129,069"
798,24-dic-2019,"36,725","21,750","90,600","149,075","36,249","129,069"
799,25-dic-2019,"36,725","21,750","90,600","149,075","36,249","129,069"
800,26-dic-2019,"36,725","21,750","90,600","149,075","26,249","123,647"
801,27-dic-2019,"35,675","21,750","89,925","147,350","34,794","123,647"
802,30-dic-2019,"36,175","21,750","89,200","147,125","34,429","123,647"
803,31-dic-2019,"35,500","21,750","88,450","145,700","34,065","123,647"
804,02-ene-2020,"34,975","21,750","87,950","144,675","34,065","123,647"
805,03-ene-2020,"34,825","21,750","87,950","144,525","33,543","141,317"
806,06-ene-2020,"34,625","21,750","86,525","142,900","33,019","141,317"
807,07-ene-2020,"34,300","21,750","84,875","140,925",0,"141,317"
808,08-ene-2020,"33,575","21,750","83,075","138,400","32,297","141,317"
809,09-ene-2020,"32,625","21,775","81,400","135,800","32,297","133,745"
810,10-ene-2020,"31,375","21,450","79,900","132,725","31,966","133,745"
811,13-ene-2020,"29,800","21,450","78,750","130,000","31,966","133,745"
812,14-ene-2020,"28,875","21,450","77,775","128,100","31,966","133,745"
813,15-ene-2020,"28,025","21,875","78,150","128,050","31,927","133,745"
814,16-ene-2020,"27,200","22,225","77,350","126,775","31,723","134,812"
815,17-ene-2020,"26,325","22,125","76,800","125,250","31,482","134,812"
816,20-ene-2020,"25,600","22,125","76,500","124,225","31,482","134,812"
817,21-ene-2020,"24,350","22,225","116,350","162,925","31,203","134,812"
818,22-ene-2020,"24,350","37,475","133,550","195,375","31,623","134,812"
819,23-ene-2020,"21,350","37,375","131,625","190,350","32,216","155,839"
820,24-ene-2020,"22,650","37,275","130,150","190,075","31,605","155,839"
821,25-ene-2020,0,0,0,0,0,0
822,27-ene-2020,"21,200","37,275","128,775","187,250","30,968","155,839"
823,28-ene-2020,"20,250","37,275","127,775","185,300","30,506","155,839"
824,29-ene-2020,"19,675","37,275","126,875","183,825","29,776","155,839"
825,30-ene-2020,"19,425","37,275","125,850","182,550","29,411","155,839"
826,31-ene-2020,"18,600","37,275","124,850","180,725","28,499","155,839"
827,03-Feb-2020,"19,300","37,175","123,325","179,800","27,646","155,839"
828,04-Feb-2020,"19,250","37,175","121,900","178,325","27,554","155,839"
829,05-Feb-2020,"19,025","37,175","120,375","176,575","27,176","155,839"
830,06-Feb-2020,"19,025","37,675","118,100","174,800","27,081","206,254"
831,07-Feb-2020,"18,925","36,275","116,325","171,525","26,808","206,254"
832,10-Feb-2020,"18,925","37,750","115,075","171,750","26,719","206,254"
833,11-Feb-2020,"18,700","37,275","114,025","170,000","26,707","206,254"
834,12-Feb-2020,"18,400","36,500","112,175","167,075","26,707","206,254"
835,13-Feb-2020,"18,150","36,225","110,175","164,550","26,615","262,738"
836,14-Feb-2020,"17,725","35,900","108,750","162,375","26,615","262,738"
837,17-Feb-2020,"17,650","36,300","107,450","161,400","26,615","262,738"
838,18-Feb-2020,"17,375","37,925","111,175","166,475","26,615","262,738"
839,19-Feb-2020,"17,200","38,425","110,800","166,425","26,722","262,738"
840,20-Feb-2020,"17,025","38,425","109,400","164,850","26,269","298,619"
841,21-Feb-2020,"16,875","38,425","108,125","163,425","26,269","298,619"
842,24-Feb-2020,"16,800","38,025","106,750","161,575","26,269","298,619"
843,25-Feb-2020,"16,800","38,025","105,425","160,250","26,269","298,619"
844,26-Feb-2020,"36,800","68,025","116,600","221,425","26,269","298,619"
845,27-Feb-2020,"36,800","68,025","115,050","219,875","26,257","310,760"
846,28-Feb-2020,"36,700","67,925","113,550","218,175","26,257","310,760"
847,02-Mar-2020,"36,675","67,950","112,325","216,950","25,961","310,760"
848,03-Mar-2020,"37,125","63,525","110,225","210,875","26,076","310,760"
849,04-Mar-2020,"37,125","60,425","109,025","206,575","25,711","310,760"
850,05-Mar-2020,"37,100","58,550","107,625","203,275","25,474","345,126"
851,06-Mar-2020,"36,375","57,050","106,850","200,275","25,195","345,126"
852,09-Mar-2020,"35,675","53,100","105,350","194,125","25,015","345,126"
853,10-Mar-2020,"35,000","50,500","104,925","190,425","25,240","345,126"
854,11-Mar-2020,"36,175","48,950","104,600","189,725","25,180","345,126"
855,12-Mar-2020,"35,250","47,875","104,325","187,450",0,0
856,13-Mar-2020,"34,775","46,225","102,700","183,700","25,088","380,085"
857,16-Mar-2020,"33,725","45,300","100,700","179,725","25,105","380,085"
858,17-Mar-2020,"38,825","83,025","98,475","220,325","24,860","380,085"
859,18-Mar-2020,"38,825","89,425","104,900","233,150","24,924","380,085"
860,19-Mar-2020,"38,400","89,650","102,975","231,025","25,140","377,247"
861,20-Mar-2020,"38,000","89,650","100,225","227,875","25,398","377,247"
862,23-Mar-2020,"37,650","90,500","99,175","227,325","26,388","377,247"
863,24-Mar-2020,"37,600","90,400","98,200","226,200","26,962","377,247"
864,25-Mar-2020,"37,600","90,400","97,175","225,175","27,304","377,247"
865,26-Mar-2020,"37,600","90,400","96,375","224,375","27,816","364,040"
866,27-Mar-2020,"38,100","90,400","95,225","223,725",0,"364,040"
867,30-Mar-2020,"38,075","90,450","94,375","222,900","28,713","364,040"
868,31-Mar-2020,"38,075","90,625","93,525","222,225","29,259","364,040"
869,01-abr-2020,"38,075","90,625","92,500","221,200","29,800","364,040"
870,02-abr-2020,"38,050","90,625","91,250","219,925","30,253","332,435"
871,03-abr-2020,"38,050","90,525","89,950","218,525","30,754","332,435"
872,06-abr-2020,"38,050","90,525","88,900","217,475","31,279","332,435"
873,07-abr-2020,"38,050","90,525","87,925","216,500","32,082","332,435"
874,08-abr-2020,"38,050","123,100","98,700","259,850","32,796","332,435"
875,09-abr-2020,"38,050","124,100","98,125","260,275","33,577","317,928"
876,10-abr-2020,"38,050","124,100","98,125","260,275","33,577","317,928"
877,13-abr-2020,"38,050","124,100","98,125","260,275","34,285","317,928"
878,14-abr-2020,"38,050","124,000","97,725","259,775","35,985","317,928"
879,15-abr-2020,"37,975","125,975","97,275","261,225","36,689","317,928"
880,16-abr-2020,"37,875","125,775","97,175","260,825","37,490","303,366"
881,17-abr-2020,"37,800","125,775","101,850","265,425","37,490","303,366"
882,20-abr-2020,"37,725","124,525","101,500","263,750","37,913","303,366"
883,21-abr-2020,"37,725","124,100","102,900","264,725","37,868","303,366"
884,22-abr-2020,"37,650","124,100","102,775","264,525","38,219","303,366"
885,23-abr-2020,"37,550","123,350","102,525","263,425","38,430","259,037"
886,24-abr-2020,"37,475","122,650","102,475","262,600","38,114","259,037"
887,27-abr-2020,"37,400","118,650","102,425","258,475","37,993","259,037"
888,28-abr-2020,"37,400","116,325","102,425","256,150","38,147","259,037"
889,29-abr-2020,"37,325","115,350","103,425","256,100","38,230","259,037"
890,30-abr-2020,"37,250","113,100","103,350","253,700","38,345","230,956"
891,01-May-2020,"37,150","111,100","103,225","251,475","38,750","230,956"
892,04-May-2020,"37,100","111,100","103,225","251,425","38,957","230,956"
893,05-May-2020,"37,100","103,950","104,300","245,350","39,216","230,956"
894,06-May-2020,"37,100","103,700","104,300","245,100","39,522","230,956"
895,07-May-2020,"37,100","102,425","104,175","243,700","39,875","204,219"
896,08-May-2020,"37,100","102,425","104,175","243,700","40,349","204,219"
897,11-May-2020,"37,100","100,525","104,050","241,675","40,926","204,219"
898,12-May-2020,"37,925","87,825","104,000","229,750","40,861","204,219"
899,13-May-2020,"37,550","85,650","103,825","227,025","41,506","204,219"
900,14-May-2020,"45,075","119,900","117,700","282,675","42,517","208,890"
901,15-May-2020,"44,775","116,800","117,175","278,750","43,689","208,890"
902,18-May-2020,"45,000","114,550","116,825","276,375","44,950","208,890"
903,19-May-2020,"44,450","112,500","117,275","274,225","46,317","208,890"
904,20-May-2020,"44,075","112,500","116,600","273,175","47,405","208,890"
905,21-May-2020,"43,675","112,500","116,150","272,325","48,832","175,825"
906,22-May-2020,"42,950","112,500","116,325","271,775","50,266","175,825"
907,25-May-2020,"42,950","112,500","116,325","271,775","50,266","175,825"
908,26-May-2020,"42,950","112,050","115,925","270,925","51,033","175,825"
909,27-May-2020,"42,950","105,750","116,675","265,375","52,590","175,825"
910,28-May-2020,"43,550","102,475","118,400","264,425","53,760","144,988"
911,29-May-2020,"44,050","99,225","118,525","261,800","54,889","144,988"
912,01-Jun-2020,"43,450","93,700","118,575","255,725","55,888","144,988"
913,02-Jun-2020,"43,500","92,200","118,575","254,275","57,201","144,988"
914,03-Jun-2020,"43,300","90,500","118,575","252,375","58,114","144,988"
915,04-Jun-2020,"43,300","86,250","118,725","248,275","59,156","139,913"
916,05-Jun-2020,"43,600","80,825","119,325","243,750","60,292","139,913"
917,08-Jun-2020,"43,600","74,075","120,225","237,900","61,352","139,913"
918,09-Jun-2020,"43,600","71,825","121,150","236,575","62,178","139,913"
919,10-Jun-2020,"43,600","69,000","120,875","233,475","63,381","139,913"
920,11-Jun-2020,"43,600","67,050","120,600","231,250","64,525","128,131"
921,12-Jun-2020,"43,500","66,450","124,600","234,550","65,551","128,131"
922,15-Jun-2020,"46,925","75,550","124,525","247,000","66,772","128,131"
923,16-Jun-2020,"50,350","69,975","128,150","248,475","67,727","128,131"
924,17-Jun-2020,"48,650","67,975","128,075","244,700","68,688","128,131"
925,18-Jun-2020,"46,975","67,975","128,300","243,250","69,075","109,969"
926,19-Jun-2020,"46,125","62,500","127,975","236,600","68,822","109,969"
927,22-Jun-2020,"46,125","59,425","127,850","233,400","69,351","109,969"
928,23-Jun-2020,"46,400","55,950","126,100","228,450","69,821","109,969"
929,24-Jun-2020,"45,700","54,450","125,900","226,050","70,296","99,971"
930,25-Jun-2020,46.900,52.950,125.800,225.650,70.711,99.971
931,26-Jun-2020,46.900,48.450,126.325,221.675,71.802,99.971
932,29-Jun-2020,48.250,43.975,127.375,219.600,72.666,99.971
933,30-Jun-2020,48.425,41.075,127.100,216.600,73.000,99.971
934,01-Jul-2020,48.025,39.575,125.725,213.325,75.550,99.971
935,02-Jul-2020,47.350,38.075,125.275,210.700,76.484,114.318
936,03-Jul-2020,"45,775","36,350","124,250","206,375","76,494","114,318"
937,06-Jul-2020,"44,200","29,400","124,250","197,850","78,096","114,318"
938,07-Jul-2020,"46,900","26,450","122,475","195,825","79,021","114,318"
939,08-Jul-2020,"44,825","24,950","122,250","192,025","79,799","114,318"
940,09-Jul-2020,"43,000","21,700","120,500","185,200","80,407","137,336"
941,10-Jul-2020,"41,400","20,200","119,475","181,075","80,872","137,336"
942,13-Jul-2020,"40,025","18,700","117,625","176,350","80,689","137,336"
943,14-Jul-2020,"38,925","14,150","115,150","168,225","80,703","137,336"
944,15-Jul-2020,"41,150","12,300","113,000","166,450","80,430","137,336"
945,16-Jul-2020,"40,400","9,925","109,475","159,800","80,248","158,647"
946,17-Jul-2020,"42,550","9,175","105,625","157,350","80,204","158,647"
947,20-Jul-2020,"42,050","7,150","101,875","151,075","80,930","158,647"
948,21-Jul-2020,"41,475","4,900","99,925","146,300","81,433","158,647"
949,22-Jul-2020,"42,075","4,500","98,475","145,050","81,159","158,647"
950,23-Jul-2020,"43,200","4,500","96,100","143,800","80,896","157,684"
951,24-Jul-2020,"44,075","4,200","93,450","141,725","80,822","157,684"
952,27-Jul-2020,"44,475","3,200","90,350","138,025","80,908","157,684"
953,28-Jul-2020,"45,250","2,875","85,900","134,025","80,904","157,684"
954,29-Jul-2020,"45,050","2,875","83,975","131,900","80,824","157,684"
955,30-Jul-2020,"44,925","2,500","81,800","129,225","80,823","159,513"
956,31-Jul-2020,"44,750","4,275","79,100","128,125","80,784","159,513"
957,03-ago-2020,"45,175","4,675","76,825","126,675","80,997","159,513"
958,04-ago-2020,"44,975","4,625","75,550","125,150","80,997","159,513"
959,05-ago-2020,"44,775","4,625","73,050","122,450","80,498","159,513"
960,06-ago-2020,"45,175","4,600","71,175","120,950","80,296","172,455"
961,07-ago-2020,"44,850","3,725","69,375","117,950","80,296","172,455"
962,10-ago-2020,"44,525","3,775","66,075","114,375","80,296","172,455"
963,11-ago-2020,"44,150","3,875","66,600","114,625","80,296","172,455"
964,12-ago-2020,"43,700","3,875","67,000","114,575","80,296","172,455"
965,13-ago-2020,"43,825","5,175","64,875","113,875","80,116","172,051"
966,14-ago-2020,"43,675","5,575","63,950","113,200","80,056","172,051"
967,17-ago-2020,"43,100","5,450","61,450","110,000","80,021","172,051"
968,18-ago-2020,"43,025","5,350","59,150","107,525","79,921","172,051"
969,19-ago-2020,"42,425","5,350","58,450","106,225","79,645","172,051"
970,20-ago-2020,"42,350","5,350","56,725","104,425","79,546","172,266"
971,21-ago-2020,"41,750","6,025","55,700","103,475","172,266","172,266"
972,24-ago-2020,"41,200","5,225","51,475","97,900","79,040","172,266"
973,25-ago-2020,"40,850","5,175","49,500","95,525","78,864","172,266"
974,26-ago-2020,"41,200","5,175","45,650","92,025","78,418","172,266"
975,27-ago-2020,"40,525","4,350","45,900","90,775","78,075","170,086"
976,28-ago-2020,"40,275","4,175","44,900","89,350","77,893","170,086"
977,31-ago-2020,"40,275","4,175","44,900","89,350","77,496","170,086"
978,01-Sep-2020,"40,175","4,175","43,900","88,250","77,356","170,086"
979,02-Sep-2020,"39,275","4,075","41,625","84,975","76,859","170,086"
980,03-Sep-2020,"41,775","3,875","39,000","84,650","76,370","170,086"
981,04-Sep-2020,"41,725","3,300","37,425","82,450","75,890","176,873"
982,07-Sep-2020,"41,275","2,350","33,925","77,550","75,890","176,873"
983,08-Sep-2020,"40,725","2,150","33,675","76,550","75,549","176,873"
984,09-Sep-2020,"40,725","2,325","30,425","73,475","75,140","176,873"
985,10-Sep-2020,"40,300","2,225","33,450","75,975","75,140","176,873"
986,11-Sep-2020,"40,175","2,400","32,975","75,550","74,708","176,795"
987,14-Sep-2020,"39,650","2,300","32,925","74,875","74,436","176,795"
988,15-Sep-2020,"41,800","2,300","34,450","78,550","74,436","176,795"
989,16-Sep-2020,"42,825","2,300","33,775","78,900","74,210","176,795"
990,17-Sep-2020,"42,825","2,400","33,525","78,750","73,753","193,347"
991,18-Sep-2020,"43,175","2,325","33,400","78,900","73,663","193,347"
992,21-Sep-2020,"42,700","2,375","33,350","78,425","73,458","193,347"
993,22-Sep-2020,"42,600","2,450","33,250","78,300","73,418","193,347"
994,23-Sep-2020,"41,850","2,450","32,975","77,275","73,329","193,622"
995,24-Sep-2020,"41,150","2,350","32,825","76,325","73,329","170,464"
996,25-Sep-2020,"40,375","2,350","30,900","73,625","73,249","170,464"
997,28-Sep-2020,"39,675","2,350","61,100","103,125","73,329","170,464"
998,29-Sep-2020,"41,575","3,350","91,400","136,325","72,432","170,464"
999,30-Sep-2020,"53,475","3,550","108,575","165,600","72,432","155,071"
1000,1-Oct-2020,"552,675","3,700","106,750","663,125","72,432","155,071"
1001,2-Oct-2020,"51,875","3,700","106,400","161,975","72,342","155,071"
1002,5-Oct-2020,"51,125","3,600","106,150","160,875","72,342","155,071"
1003,6-Oct-2020,"50,600","3,500","102,025","156,125","72,342","155,071"
1004,7-Oct-2020,"50,000","3,500","101,900","155,400","71,614","155,071"
1005,8-Oct-2020,"49,450","3,500","101,800","154,750","71,614","156,454"
1006,9-Oct-2020,"48,775","3,600","101,550","153,925","71,432","156,454"
1007,12-Oct-2020,"48,125","3,600","101,250","152,975","71,288","156,454"
1008,13-Oct-2020,"47,800","4,300","101,100","153,200","71,288","156,454"
1009,14-Oct-2020,"46,825","5,725","117,375","169,925","71,014","156,454"
1010,15-Oct-2020,"46,000","5,725","117,150","168,875","71,014","157,547"
1011,16-Oct-2020,"75,200","6,750","132,900","214,850","70,923","157,547"
1012,19-Oct-2020,"44,425","6,750","132,725","183,900","70,923","157,547"
1013,20-Oct-2020,"43,350","6,850","132,975","183,175","70,923","157,547"
1014,21-Oct-2020,"41,975","6,950","132,725","181,650","70,923","157,547"
1015,22-Oct-2020,"41,125","6,975","132,525","180,625","70,923","155,506"
1016,23-Oct-2020,"39,850","8,175","132,275","180,300",0,"155,506"
1017,26-Oct-2020,"38,800","8,275","131,650","178,725","72,428","155,506"
1018,27-Oct-2020,"37,250","9,175","130,650","177,075","72,428","155,506"
1019,28-Oct-2020,"35,925","9,275","129,700","174,900","72,357","155,506"
1020,29-Oct-2020,"34,525","9,275","128,825","172,625","72,357","139,657"
1021,30-Oct-2020,"34,425","9,375","127,500","171,300","72,525","139,657"
1022,2-Nov-2020,"33,950","9,395","126,275","169,620","72,525","139,657"
1023,3-Nov-2020,"33,425","10,375","125,600","169,400","72,522","139,657"
1024,4-Nov-2020,"32,050","19,525","125,075","176,650","73,340","139,657"
1025,5-Nov-2020,"30,500","19,975","123,575","174,050","73,568","131,321"
1026,6-Nov-2020,"29,425","19,975","123,050","172,450","73,568","131,321"
1027,9-Nov-2020,"28,650","19,875","122,600","171,125","73,568","131,321"
1028,10-Nov-2020,"27,925","19,875","121,775","169,575","74,396","131,321"
1029,11-Nov-2020,"26,975","19,875","120,975","167,825","74,830","131,321"
1030,12-Nov-2020,"26,250","19,875","120,075","166,200","74,830","117,949"
1031,13-Nov-2020,"26,150","19,875","119,175","165,200","74,846","117,949"
1032,16-Nov-2020,"25,275","19,375","118,375","163,025","74,846","117,949"
1033,17-Nov-2020,"24,700","19,425","117,575","161,700","74,846","117,949"
1034,18-Nov-2020,"24,100","19,425","116,675","160,200","74,573","117,949"
1035,19-Nov-2020,"23,600","20,025","115,850","159,475","74,290","96,766"
1036,20-Nov-2020,"22,550","19,925","114,875","157,350","74,019","96,766"
1037,23-Nov-2020,"22,125","19,925","114,025","156,075","74,019","96,766"
1038,24-Nov-2020,"21,850","19,825","113,150","154,825","74,019","96,766"
1039,25-Nov-2020,"21,100","19,825","112,250","153,175","74,019","96,766"
1040,26-Nov-2020,"20,925","19,775","111,325","152,025","74,019","92,912"
1041,27-Nov-2020,"20,925","19,675","110,175","150,775","74,019","92,912"
1042,30-Nov-2020,"20,925","19,675","109,200","149,800","74,019","92,912"
1043,01-dic-2020,"20,925","19,825","109,175","149,925","73,655","92,912"
1044,02-dic-2020,"20,925","19,925","108,825","149,675","73,233","92,912"
1045,03-dic-2020,"20,925","19,925","108,475","149,325","73,233","97,783"
1046,04-dic-2020,"20,925","20,525","108,225","149,675","73,005","97,783"
1047,07-dic-2020,"20,900","21,200","108,025","150,125","73,005","97,783"
1048,08-dic-2020,"20,900","20,700","108,025","149,625","72,520","97,783"
1049,09-dic-2020,"20,875","20,675","108,025","149,575","72,520","97,783"
1050,10-dic-2020,"20,825","19,150","107,850","147,825","72,520","82,092"
1051,11-dic-2020,"20,825","18,825","106,675","146,325","72,316","82,092"
1052,14-dic-2020,"20,800","18,875","105,100","144,775","71,907","82,092"
1053,15-dic-2020,"20,800","18,050","103,050","141,900","71,384","82,092"
1054,16-dic-2020,"20,750","10,775","101,600","133,125","70,837","82,092"
1055,17-dic-2020,"20,750","7,150","99,825","127,725","71,831","74,222"
1056,18-dic-2020,"20,725","7,050","95,625","123,400","71,111","74,222"
1057,21-dic-2020,"20,725","6,950","95,300","122,975","70,748","74,222"
1058,22-dic-2020,"20,725","5,975","92,900","119,600","70,513","74,222"
1059,23-dic-2020,"20,725","7,975","90,675","119,375","70,166","70,513"
1060,24-dic-2020,"20,525","7,475","88,100","116,100","69,712","75,149"
1061,25-dic-2020,"20,525","7,475","88,100","116,100","69,712","75,149"
1062,28-dic-2020,"20,525","7,475","88,100","116,100","69,936","75,149"
1063,29-dic-2020,"20,150","7,475","86,350","113,975","69,770","75,149"
1064,30-dic-2020,"19,650","7,375","83,850","110,875","70,397","86,679"
1065,31-dic-2020,"18,775","7,375","81,800","107,950","70,397","86,679"
1066,04-ene-2021,"18,275","7,375","80,150","105,800","70,226","86,679"
1067,05-ene-2021,"18,050","7,375","80,000","105,425","71,008","86,679"
1068,06-ene-2021,"18,050","8,375","79,000","105,425","71,388","86,679"
1069,07-ene-2021,"18,050","8,275","78,000","104,325","71,903","82,342"
1070,08-ene-2021,"18,050","8,375","76,000","102,425","72,252","82,342"
1071,11-ene-2021,"18,050","10,625","76,275","104,950","71,854","82,342"
1072,12-ene-2021,"18,050","10,625","75,075","103,750","71,611","82,342"
1073,13-ene-2021,"17,975","10,625","79,950","108,550","71,293","82,342"
1074,14-ene-2021,"17,975","10,625","72,650","101,250",0,0
